{
  "iterations": [
    7,
    8,
    9,
    10,
    11,
    12,
    13,
    14,
    15,
    16,
    17,
    18,
    19,
    20,
    21,
    22,
    23,
    24,
    25,
    26,
    27,
    28,
    29,
    30,
    31,
    32,
    33,
    34,
    35,
    36,
    37,
    38,
    39,
    40,
    41,
    42,
    43,
    44,
    45,
    46,
    47,
    48,
    49,
    50,
    51,
    52,
    53,
    54,
    55,
    56,
    57,
    58,
    59,
    60,
    61,
    62,
    63,
    64,
    65,
    66,
    67,
    68,
    69,
    70,
    71,
    72,
    73,
    74,
    75,
    76,
    77,
    78,
    79,
    80,
    81,
    82,
    83,
    84,
    85,
    86,
    87,
    88,
    89,
    90,
    91,
    92,
    93,
    94,
    95,
    96,
    97,
    98,
    99,
    100,
    101,
    102,
    103,
    104,
    105,
    106,
    107,
    108,
    109,
    110
  ],
  "losses": [
    1.712698519229889,
    1.4829217433929442,
    1.367457115650177,
    1.3122133016586304,
    1.2560918114402078,
    1.2129917641480763,
    1.1869661907354991,
    1.157976398865382,
    1.1491446770154512,
    1.12818128267924,
    1.0769450441002846,
    1.0483836345374584,
    1.0087260976433754,
    0.9811591096222401,
    0.9581317640841007,
    0.9365957789123058,
    0.912493497133255,
    0.8709509111940861,
    0.8601145595312119,
    0.82547552511096,
    0.8161185942590237,
    0.7871945723891258,
    0.7675394266843796,
    0.7395038045942783,
    0.7370839677751064,
    0.7021554000675678,
    0.7083186395466328,
    0.6635981947183609,
    0.6644786968827248,
    0.6596083752810955,
    0.6357491314411163,
    0.617463119328022,
    0.6063144207000732,
    0.5883399993181229,
    0.5733072906732559,
    0.5669652000069618,
    0.5768070053309202,
    0.5603560730814934,
    0.5567024089396,
    0.5477109309285879,
    0.5217626374214888,
    0.5436494629830122,
    0.5192177072167397,
    0.5226715952157974,
    0.5034185294061899,
    0.5169288795441389,
    0.5005724765360355,
    0.5037216115742922,
    0.49140272103250027,
    0.49434544891119003,
    0.4832982402294874,
    0.4763440042734146,
    0.4729267992079258,
    0.46684105321764946,
    0.4560612626373768,
    0.44496832974255085,
    0.4470820985734463,
    0.4416785407811403,
    0.43385872431099415,
    0.4374240469187498,
    0.45024869590997696,
    0.44244845397770405,
    0.4358828645199537,
    0.42574272118508816,
    0.4247203469276428,
    0.43264151737093925,
    0.40932090394198895,
    0.4185238964855671,
    0.43785151094198227,
    0.4220370762050152,
    0.41522556729614735,
    0.4147764518857002,
    0.40966341458261013,
    0.40996235981583595,
    0.41280500032007694,
    0.4180372655391693,
    0.3953060656785965,
    0.40043835528194904,
    0.4017690569162369,
    0.3850699830800295,
    0.3948909789323807,
    0.409102376550436,
    0.39218359254300594,
    0.3977368026971817,
    0.3794647641479969,
    0.39807057194411755,
    0.38853792287409306,
    0.409288689494133,
    0.383436581119895,
    0.3778875209391117,
    0.3861170560121536,
    0.38555300422012806,
    0.38132600486278534,
    0.37024696357548237,
    0.37866865284740925,
    0.3619847260415554,
    0.37525016628205776,
    0.3741709887981415,
    0.37418524734675884,
    0.3559372201561928,
    0.37611792981624603,
    0.3668747693300247,
    0.36163062416017056,
    0.3542502671480179
  ],
  "policy_losses": [
    1.5966915607452392,
    1.4029753804206848,
    1.3015668034553527,
    1.2421620108864524,
    1.1984295411543413,
    1.160499095916748,
    1.1341287195682526,
    1.1059482793013256,
    1.08826927955334,
    1.0591064016024272,
    1.011310938745737,
    0.982157751917839,
    0.9457838609814644,
    0.9219662211835384,
    0.9029579311609268,
    0.8780045844614506,
    0.8593793697655201,
    0.8203288279473782,
    0.8127465210855007,
    0.7727298252284527,
    0.7690669558942318,
    0.74323420971632,
    0.7217748612165451,
    0.6922056563198566,
    0.6890604756772518,
    0.6594104617834091,
    0.6649074517190456,
    0.633515041321516,
    0.6277636885643005,
    0.6230112239718437,
    0.6058082021772861,
    0.5875581707805395,
    0.5804478637874126,
    0.5596482381224632,
    0.5453214813023806,
    0.5364040397107601,
    0.5422695446759462,
    0.5302751734852791,
    0.5320429392158985,
    0.5237103290855885,
    0.5001059789210558,
    0.5120016187429428,
    0.4975687563419342,
    0.4970674552023411,
    0.4799991101026535,
    0.48854858987033367,
    0.4705662131309509,
    0.4736137744039297,
    0.4699864313006401,
    0.47263324074447155,
    0.460932943969965,
    0.4506925828754902,
    0.45042043179273605,
    0.443594116717577,
    0.43580122478306293,
    0.42539641819894314,
    0.42149008996784687,
    0.4211453180760145,
    0.41075139306485653,
    0.4165702275931835,
    0.42720601335167885,
    0.4144768323749304,
    0.40927707962691784,
    0.398931659758091,
    0.40496883913874626,
    0.40899994783103466,
    0.38507236540317535,
    0.39762833155691624,
    0.4105518404394388,
    0.3975351992994547,
    0.39369991794228554,
    0.39328598231077194,
    0.38793851621448994,
    0.39112906344234943,
    0.38819973915815353,
    0.3922887910157442,
    0.37592373602092266,
    0.38034339994192123,
    0.3789260182529688,
    0.36294304579496384,
    0.37430719286203384,
    0.38484247773885727,
    0.3680916428565979,
    0.3757625203579664,
    0.36064636893570423,
    0.378217950463295,
    0.36480468697845936,
    0.38611852191388607,
    0.36181637085974216,
    0.35732897743582726,
    0.36590128019452095,
    0.3657674305140972,
    0.35859985649585724,
    0.3472201079130173,
    0.3580216318368912,
    0.3433984760195017,
    0.35310201346874237,
    0.35578594729304314,
    0.3548749480396509,
    0.33638725988566875,
    0.35236547887325287,
    0.34730093367397785,
    0.3411137741059065,
    0.3324663545936346
  ],