{
  "iterations": [
    1,
    2,
    3,
    4,
    5,
    6,
    7,
    8,
    9,
    10,
    11,
    12,
    13,
    14,
    15,
    16,
    17,
    18,
    19,
    20,
    21,
    22,
    23,
    24,
    25,
    26,
    27,
    28,
    29,
    30,
    31,
    32,
    33,
    34,
    35,
    36,
    37,
    38,
    39,
    40,
    41,
    42,
    43,
    44,
    45,
    46,
    47,
    48,
    49,
    50,
    51,
    52,
    53,
    54,
    55,
    56,
    57,
    58,
    59,
    60,
    61,
    62,
    63,
    64,
    65,
    66,
    67,
    68,
    69,
    70,
    71,
    72,
    73,
    74,
    75,
    76,
    77,
    78,
    79,
    80,
    81,
    82,
    83,
    84,
    85,
    86,
    87,
    88,
    89,
    90,
    91,
    92,
    93,
    94,
    95,
    96,
    97,
    98,
    99,
    100,
    101,
    102,
    103,
    104,
    105,
    106,
    107,
    108,
    109,
    110,
    111,
    112,
    113,
    114,
    115
  ],
  "losses": [
    2.0851547718048096,
    2.1161722796303883,
    4.146737575531006,
    1.1667852401733398,
    0.4020085632801056,
    0.6359671950340271,
    0.1097937598824501,
    0.07077266275882721,
    0.1185932382941246,
    0.09815473109483719,
    1.3054605722427368,
    1.0541914105415344,
    0.6915833950042725,
    0.860521525144577,
    0.4227182865142822,
    0.3847501277923584,
    0.38105037808418274,
    0.4573478698730469,
    0.9825148284435272,
    0.6639829277992249,
    0.5319156646728516,
    0.6026906371116638,
    0.424374520778656,
    0.4352014809846878,
    0.41218142211437225,
    0.6097519099712372,
    0.6184441645940145,
    0.5086455047130585,
    0.44683587551116943,
    0.5602312088012695,
    0.4403578042984009,
    0.5323050916194916,
    0.4747299551963806,
    0.4117109775543213,
    0.5235345164934794,
    0.41316842039426166,
    0.3619757990042369,
    0.3570535083611806,
    0.3793712357680003,
    0.36500172813733417,
    0.37371040383974713,
    0.3944140871365865,
    0.4625457028547923,
    0.5197649498780569,
    0.41012275218963623,
    0.44175972044467926,
    0.4634382724761963,
    0.4727199748158455,
    0.37021735310554504,
    0.4193997457623482,
    0.37155231833457947,
    0.44464369863271713,
    0.33067966997623444,
    0.3132246285676956,
    0.3350784629583359,
    0.405980221927166,
    0.27715180814266205,
    0.30771103501319885,
    0.37830318212509156,
    0.4217340871691704,
    0.4224566102027893,
    0.42184328436851504,
    0.3279287278652191,
    0.3393664836883545,
    0.3934610605239868,
    0.5115728974342346,
    0.4111331343650818,
    0.42364607006311417,
    0.37164605855941774,
    0.3536083698272705,
    0.41985645294189455,
    0.33188743591308595,
    0.37734935283660886,
    0.2822484850883484,
    0.48201409975687665,
    0.463736817240715,
    0.5171979606151581,
    0.4677986979484558,
    0.49496379991372425,
    0.37353633642196654,
    0.3956858992576599,
    0.3690555214881897,
    0.33370603919029235,
    0.45556217432022095,
    0.3562605559825897,
    0.35720086097717285,
    0.47598294615745546,
    0.47006069620450336,
    0.4329023063182831,
    0.3455982029438019,
    0.34542074203491213,
    0.42482091784477233,
    0.39490480422973634,
    0.4537661721309026,
    0.4123674730459849,
    0.32844112515449525,
    0.2700182020664215,
    0.3076586772998174,
    0.29139887789885205,
    0.29736223071813583,
    0.2619511013229688,
    0.2655516564846039,
    0.29472509771585464,
    0.36323605477809906,
    0.3585118701060613,
    0.280541996161143,
    0.27381836871306103,
    0.25346759557723997,
    0.22791209941109022,
    0.1701057016849518,
    0.27291107922792435,
    0.37309099237124127,
    0.3089482778062423,
    0.30672315259774524,
    0.24149156610171
  ],
  "policy_losses": [
    2.0550315380096436,
    2.039860486984253,
    1.1289961338043213,
    0.6093334555625916,
    0.4003490209579468,
    0.6012517809867859,
    0.10903608798980713,
    0.07010527700185776,
    0.11827952414751053,
    0.09799272567033768,
    1.1906993389129639,
    1.0116448402404785,
    0.6771566867828369,
    0.8167257308959961,
    0.4108073115348816,
    0.3776271343231201,
    0.3722380995750427,
    0.45005011558532715,
    0.8752346336841583,
    0.6181847155094147,
    0.518248438835144,
    0.5809071362018585,
    0.40470822155475616,
    0.4176284223794937,
    0.3999033421278,
    0.5920349359512329,
    0.5851509769757589,
    0.4835270345211029,
    0.4256666451692581,
    0.5425293644269308,
    0.4156443029642105,
    0.499494602282842,
    0.45582706729571026,
    0.39009857177734375,
    0.4990998109181722,
    0.3935698866844177,
    0.3417885998884837,
    0.3399498661359151,
    0.3656361699104309,
    0.3431379795074463,
    0.3600844740867615,
    0.3718195656935374,
    0.42833776275316876,
    0.48558833201726276,
    0.38841938972473145,
    0.4151645228266716,
    0.4273180365562439,
    0.4347285032272339,
    0.3455111160874367,
    0.24586559552699327,
    0.35342779010534286,
    0.4138457626104355,
    0.30733586847782135,
    0.29856257885694504,
    0.316597543656826,
    0.37445659935474396,
    0.2604735642671585,
    0.2837243601679802,
    0.3409101486206055,
    0.37738560885190964,
    0.3714942574501038,
    0.38076554536819457,
    0.3029503166675568,
    0.305832701921463,
    0.3582590281963348,
    0.4689387321472168,
    0.3804503619670868,
    0.3354932252938549,
    0.3494373619556427,
    0.32140426635742186,
    0.37215145826339724,
    0.30776840448379517,
    0.34051200151443484,
    0.24728147983551024,
    0.4184788316488266,
    0.39796918133894604,
    0.47056681513786314,
    0.4154646694660187,
    0.4418957481781642,
    0.3387957215309143,
    0.3481839597225189,
    0.33549544811248777,
    0.29799731969833376,
    0.387480432788531,
    0.32225216627120973,
    0.2967572584748268,
    0.42904757857322695,
    0.41711334387461346,
    0.39492655992507936,
    0.295988941192627,
    0.289577716588974,
    0.38282103538513185,
    0.3626100480556488,
    0.39239202439785004,
    0.3531780739625295,
    0.29650795459747314,
    0.24886502027511598,
    0.2666601613163948,
    0.2580472454428673,
    0.24926422039667764,
    0.22170177847146988,
    0.2332115203142166,
    0.240775798757871,
    0.3117113212744395,
    0.3026222561796506,
    0.24761133641004562,
    0.2276136800646782,
    0.21710237264633178,
    0.19418085366487503,
    0.14883892834186555,
    0.20731171717246374,
    0.2986489186684291,
    0.24877416787300413,
    0.26182253658771515,
    0.19266744454701742
  ],