{
  "iterations": [
    2,
    3,
    4,
    5,
    6,
    7,
    8,
    9,
    10,
    11,
    12,
    13,
    14,
    15,
    16,
    17,
    18,
    19,
    20,
    21,
    22,
    23,
    24,
    25,
    26,
    27,
    28,
    29,
    30,
    31,
    32,
    33,
    34,
    35,
    36,
    37,
    38,
    39,
    40,
    41,
    42,
    43,
    44,
    45,
    46,
    47,
    48,
    49,
    50,
    51,
    52,
    53,
    54,
    55,
    56,
    57,
    58,
    59,
    60,
    61,
    62,
    63,
    64,
    65,
    66,
    67,
    68,
    69,
    70,
    71,
    72,
    73,
    74,
    75,
    76,
    77,
    78,
    79,
    80,
    81,
    82,
    83,
    84,
    85,
    86,
    87,
    88,
    89,
    90,
    91,
    92,
    93,
    94,
    95,
    96,
    97,
    98,
    99,
    100
  ],
  "losses": [
    2.0124455293019614,
    1.73700313270092,
    1.6377813443541527,
    1.5576023161411285,
    1.4994796141982079,
    1.429492175579071,
    1.3998543322086334,
    1.3256600350141525,
    1.2974538132548332,
    1.2044974491000175,
    1.1670554131269455,
    1.1269798129796982,
    1.0909171178936958,
    1.0593099929392338,
    1.0220731422305107,
    0.9776420220732689,
    0.9733751900494099,
    0.9547164514660835,
    0.952763844281435,
    0.922154176980257,
    0.9128967635333538,
    0.9150930903851986,
    0.8999867364764214,
    0.8863771930336952,
    0.8790616057813168,
    0.8874518312513828,
    0.8664007596671581,
    0.8847420811653137,
    0.8495981618762016,
    0.8539815917611122,
    0.8487615659832954,
    0.8305157981812954,
    0.8173332400619984,
    0.8314753882586956,
    0.8435658104717731,
    0.8329267613589764,
    0.8330824859440327,
    0.8386807404458523,
    0.829414714127779,
    0.8297063186764717,
    0.8337529338896275,
    0.8371713124215603,
    0.8289873749017715,
    0.8179743550717831,
    0.8153913654386997,
    0.8133975230157375,
    0.7942764759063721,
    0.79775470495224,
    0.8018004149198532,
    0.7812941186130047,
    0.7925912290811539,
    0.7882258370518684,
    0.7857357896864414,
    0.7834034226834774,
    0.773355308920145,
    0.779184028506279,
    0.7616873160004616,
    0.7903871536254883,
    0.772558867931366,
    0.7544513195753098,
    0.754973404109478,
    0.7506693452596664,
    0.7541942112147808,
    0.7555115111172199,
    0.7532401606440544,
    0.7452897317707539,
    0.7281523495912552,
    0.7407261915504932,
    0.7392417751252651,
    0.7376779615879059,
    0.7396981008350849,
    0.7274158447980881,
    0.7148044146597385,
    0.7208166681230068,
    0.7316319271922112,
    0.7263821475207806,
    0.7132874019443989,
    0.7190182097256184,
    0.7049561515450478,
    0.7062818445265293,
    0.7115638554096222,
    0.7091532498598099,
    0.7059489972889423,
    0.7047923877835274,
    0.7111434079706669,
    0.7162288352847099,
    0.6830765381455421,
    0.6725525222718716,
    0.6620912700891495,
    0.641107302159071,
    0.6319196633994579,
    0.6364573575556278,
    0.6434153243899345,
    0.6252962555736303,
    0.6285759657621384,
    0.6318443454802036,
    0.6208663620054722,
    0.6195276007056236,
    0.6288130022585392
  ],
  "policy_losses": [
    1.589376147588094,
    1.4291068613529205,
    1.3452566117048264,
    1.2778194472193718,
    1.2304696962237358,
    1.171736717224121,
    1.1427982673048973,
    1.0821167640388012,
    1.0535755567252636,
    0.9834182634949684,
    0.9518555514514446,
    0.9182776659727097,
    0.8857095912098885,
    0.867177452892065,
    0.8394960798323154,
    0.8033058270812035,
    0.7967835702002048,
    0.7818994969129562,
    0.7771188728511333,
    0.7517994157969952,
    0.7471722066402435,
    0.7482965737581253,
    0.7369059026241302,
    0.7282597981393337,
    0.7222806885838509,
    0.7287845015525818,
    0.7104622647166252,
    0.7267912402749062,
    0.6965657770633698,
    0.6968750394880772,
    0.6935755498707294,
    0.680410023778677,
    0.6705971360206604,
    0.6799021996557713,
    0.6905292980372906,
    0.6829174123704433,
    0.6830293573439121,
    0.6892834343016148,
    0.6785014942288399,
    0.6816224604845047,
    0.683385856449604,
    0.6832504570484161,
    0.6768418699502945,
    0.671228364109993,
    0.6669333651661873,
    0.6655957624316216,
    0.6490861587226391,
    0.6521466337144375,
    0.6579508110880852,
    0.6364368833601475,
    0.6454325281083584,
    0.6405223980545998,
    0.6416330821812153,
    0.6404107622802258,
    0.6325333341956139,
    0.6374624185264111,
    0.6218157261610031,
    0.6438806504011154,
    0.630723275244236,
    0.6154200062155724,
    0.6167378798127174,
    0.6120800673961639,
    0.6186747178435326,
    0.6182153448462486,
    0.6128014735877514,
    0.6097879111766815,
    0.5933740064501762,
    0.6065075360238552,
    0.6055473126471043,
    0.603061456233263,
    0.6057396791875362,
    0.589662678539753,
    0.5842902921140194,
    0.5876216664910316,
    0.5982118919491768,
    0.5946444869041443,
    0.5804143287241459,
    0.5861947201192379,
    0.5759441405534744,
    0.5773229524493217,
    0.5815106108784676,
    0.5779213160276413,
    0.5753838270902634,
    0.5761014148592949,
    0.5789339672774076,
    0.584532056003809,
    0.5585429072380066,
    0.5478031877428293,
    0.5405056234449148,
    0.520308580249548,
    0.516746036708355,
    0.5208379756659269,
    0.5244875214993954,
    0.5131114684045315,
    0.5146971195936203,
    0.5143583938479424,
    0.5059144049882889,
    0.5034886598587036,
    0.5137170702219009
  ],